{
  "collapse-filter": true,
  "search": "",
  "showTags": false,
  "showAttachments": false,
  "hideUnresolved": false,
  "showOrphans": true,
  "collapse-color-groups": true,
  "colorGroups": [
    {
      "query": "tag:Глобальное",
      "color": {
        "a": 1,
        "rgb": 28732
      }
    },
    {
      "query": "path:\"Калевала и её интерпретация в игру\"",
      "color": {
        "a": 1,
        "rgb": 14745855
      }
    },
    {
      "query": "path:\"Систематика и описания\"",
      "color": {
        "a": 1,
        "rgb": 5526240
      }
    },
    {
      "query": "path:Планировка tag:#Доделать",
      "color": {
        "a": 1,
        "rgb": 16514816
      }
    },
    {
      "query": "path:Планировка tag:#Проблемно",
      "color": {
        "a": 1,
        "rgb": 14701138
      }
    },
    {
      "query": "path:Планировка tag:#ВозможноДоделать",
      "color": {
        "a": 1,
        "rgb": 5419488
      }
    },
    {
      "query": "tag:Сделано path:Планировка",
      "color": {
        "a": 1,
        "rgb": 65297
      }
    }
  ],
  "collapse-display": true,
  "showArrow": true,
  "textFadeMultiplier": -3,
  "nodeSizeMultiplier": 1.95914760914761,
  "lineSizeMultiplier": 2.12214137214137,
  "collapse-forces": true,
  "centerStrength": 0.154885654885655,
  "repelStrength": 10.9147609147609,
  "linkStrength": 1,
  "linkDistance": 30,
  "scale": 0.5334255328586867,
  "close": false
}