{
  "main": {
    "id": "de894c02ba2feabd",
    "type": "split",
    "children": [
      {
        "id": "369c0087b7b8b4c6",
        "type": "tabs",
        "children": [
          {
            "id": "10b558e54446d43a",
            "type": "leaf",
            "pinned": true,
            "state": {
              "type": "graph",
              "state": {},
              "pinned": true
            }
          },
          {
            "id": "4c924defcf7a09bd",
            "type": "leaf",
            "state": {
              "type": "markdown",
              "state": {
                "file": "Планировка и исполнение/ИИ/Виды ИИ/Боевые/Дальний бой/Метатель баллистических снарядов.md",
                "mode": "source",
                "source": false
              }
            }
          },
          {
            "id": "55ea53e01b63e896",
            "type": "leaf",
            "state": {
              "type": "markdown",
              "state": {
                "file": "Планировка и исполнение/ИИ/Виды ИИ/Боевые/Дальний бой/Стрелок.md",
                "mode": "source",
                "source": false
              }
            }
          },
          {
            "id": "7bfe4137b93a1d6f",
            "type": "leaf",
            "state": {
              "type": "markdown",
              "state": {
                "file": "Планировка и исполнение/ИИ/Виды ИИ/Существа/Гигантский Паук.md",
                "mode": "source",
                "source": false
              }
            }
          }
        ]
      }
    ],
    "direction": "vertical"
  },
  "left": {
    "id": "991fa2e012bc9799",
    "type": "split",
    "children": [
      {
        "id": "bb5e7fab843c4a3d",
        "type": "tabs",
        "children": [
          {
            "id": "1d3d60b5c384d7dc",
            "type": "leaf",
            "state": {
              "type": "file-explorer",
              "state": {
                "sortOrder": "alphabetical"
              }
            }
          },
          {
            "id": "22e4b47fb871a989",
            "type": "leaf",
            "state": {
              "type": "search",
              "state": {
                "query": "",
                "matchingCase": false,
                "explainSearch": false,
                "collapseAll": false,
                "extraContext": false,
                "sortOrder": "alphabetical"
              }
            }
          },
          {
            "id": "c876272313c1d136",
            "type": "leaf",
            "state": {
              "type": "bookmarks",
              "state": {}
            }
          }
        ],
        "currentTab": 1
      }
    ],
    "direction": "horizontal",
    "width": 300
  },
  "right": {
    "id": "bebc7b97adafe241",
    "type": "split",
    "children": [
      {
        "id": "5ac7e3c693d032fc",
        "type": "tabs",
        "children": [
          {
            "id": "1246f5723492bcb5",
            "type": "leaf",
            "state": {
              "type": "backlink",
              "state": {
                "collapseAll": false,
                "extraContext": false,
                "sortOrder": "alphabetical",
                "showSearch": false,
                "searchQuery": "",
                "backlinkCollapsed": false,
                "unlinkedCollapsed": true
              }
            }
          },
          {
            "id": "1f146c10a7496a9d",
            "type": "leaf",
            "state": {
              "type": "outgoing-link",
              "state": {
                "linksCollapsed": false,
                "unlinkedCollapsed": true
              }
            }
          },
          {
            "id": "c62232fa5afa1d9d",
            "type": "leaf",
            "state": {
              "type": "tag",
              "state": {
                "sortOrder": "frequency",
                "useHierarchy": true
              }
            }
          },
          {
            "id": "8c17fd4eae781165",
            "type": "leaf",
            "state": {
              "type": "outline",
              "state": {}
            }
          }
        ]
      }
    ],
    "direction": "horizontal",
    "width": 200,
    "collapsed": true
  },
  "left-ribbon": {
    "hiddenItems": {
      "switcher:Open quick switcher": false,
      "graph:Open graph view": false,
      "canvas:Create new canvas": false,
      "daily-notes:Open today's daily note": false,
      "templates:Insert template": false,
      "command-palette:Open command palette": false
    }
  },
  "active": "10b558e54446d43a",
  "lastOpenFiles": [
    "Планировка и исполнение/ИИ/Виды ИИ/Боевые/Дальний бой/Стрелок.md",
    "Планировка и исполнение/Игрок/Возможности игрока.md",
    "Планировка и исполнение/ИИ/Виды ИИ/Боевые/Ближний бой/Swordfighter.md",
    "Планировка и исполнение/ИИ/Виды ИИ/Боевые/Дальний бой/Метатель баллистических снарядов.md",
    "Планировка и исполнение/ИИ/Виды ИИ/Существа/Гигантский Паук.md",
    "Планировка и исполнение/ИИ/Состояния исполнителя ИИ.md",
    "Утилитарное/Инструментарий разработчика игр.md",
    "Систематика и описания/Магия/Магическая система.md",
    "Планировка и исполнение/Игрок/Игрок маг воздуха.md",
    "Утилитарное/Pasted image 20230806220506.png",
    "Утилитарное",
    "Планировка и исполнение/ИИ/Виды ИИ/Боевые/MeleeFighter (Процедурный).md",
    "Планировка и исполнение/Игрок/Управление.md",
    "Планировка и исполнение/Игрок/Командование Юнитами.md",
    "Планировка и исполнение/Логика игры.md",
    "Систематика и описания/Экипировка.md",
    "Систематика и описания/Откуда экипировка.md",
    "Систематика и описания/Магия",
    "Калевала и её интерпретация в игру/Персонажи/Богиня ветра, Ильматар.md",
    "Калевала и её интерпретация в игру/Персонажи/Вяйнямейнён.md",
    "Калевала и её интерпретация в игру/Персонажи/Бог любви и огня Лемпо.md",
    "Калевала и её интерпретация в игру/Персонажи/Бог зла, Хийси.md",
    "Систематика и описания/Игрок.md",
    "Утилитарное/Источники вдохновения.md",
    "Планировка и исполнение/Визуал/Стиль.md",
    "Калевала и её интерпретация в игру/Калевала.md",
    "Систематика и описания/Менеджер ИИ.md",
    "Планировка и исполнение/ИИ/Менеджер ИИ.md",
    "Планировка и исполнение/Игрок",
    "Систематика и описания/Мельница Сампо.md",
    "Калевала и её интерпретация в игру/Локации",
    "Калевала и её интерпретация в игру/Персонажи",
    "Планировка и исполнение/ИИ/Виды ИИ/Существа",
    "Систематика и описания/Персонажи",
    "Утилитарное/Pasted image 20230806220442.png",
    "Утилитарное/Pasted image 20230805140732.png",
    "Планировка и исполнение/Структуры/Ловушки",
    "Планировка и исполнение/Структуры/Здания",
    "Планировка и исполнение/Структуры",
    "Untitled.canvas"
  ]
}